{
  "diagram_description": "This architecture diagram illustrates a cloud-native application deployed on AWS, leveraging ECS for container orchestration, RDS for database, and integrating with multiple external AI/ML model providers. The layout is organized into a VPC with public and private subnets, security groups, and a clear flow from users through a WAF and ALB to backend services. The right side features a vertical panel listing external AI/ML model providers. The diagram uses color-coded boxes for subnets, security groups, and AWS services, with icons for each component. Connections are shown with arrows, and groupings are indicated with nested boxes. The bottom labels indicate user personas (Data Scientist, Developer, Business Analyst).",
  "components": [
    {
      "component_name": "users",
      "component_type": "user",
      "label": "users",
      "bounding_box": [
        10,
        220,
        60,
        270
      ],
      "shape_type": "icon",
      "connections": [
        {
          "to_component_name": "WAF",
          "connection_type": "arrow",
          "start_point": [
            60,
            245
          ],
          "end_point": [
            90,
            245
          ]
        }
      ],
      "grouping": "",
      "annotations": []
    },
    {
      "component_name": "WAF",
      "component_type": "security",
      "label": "WAF",
      "bounding_box": [
        90,
        230,
        120,
        260
      ],
      "shape_type": "icon",
      "connections": [
        {
          "to_component_name": "Application Load Balancer",
          "connection_type": "arrow",
          "start_point": [
            120,
            245
          ],
          "end_point": [
            170,
            245
          ]
        }
      ],
      "grouping": "",
      "annotations": []
    },
    {
      "component_name": "Virtual Private Cloud (VPC)",
      "component_type": "network",
      "label": "Virtual Private Cloud (VPC)",
      "bounding_box": [
        70,
        40,
        1050,
        540
      ],
      "shape_type": "box",
      "connections": [],
      "grouping": "",
      "annotations": [
        "Secret Manager"
      ]
    },
    {
      "component_name": "Secret Manager",
      "component_type": "security",
      "label": "Secret Manager",
      "bounding_box": [
        300,
        40,
        420,
        70
      ],
      "shape_type": "icon",
      "connections": [],
      "grouping": "Virtual Private Cloud (VPC)",
      "annotations": []
    },
    {
      "component_name": "Availability Zones A,B,C",
      "component_type": "network",
      "label": "Availability Zones A,B,C",
      "bounding_box": [
        90,
        60,
        1030,
        520
      ],
      "shape_type": "box",
      "connections": [],
      "grouping": "Virtual Private Cloud (VPC)",
      "annotations": []
    },
    {
      "component_name": "Public subnet",
      "component_type": "network",
      "label": "Public subnet",
      "bounding_box": [
        110,
        100,
        340,
        500
      ],
      "shape_type": "box",
      "connections": [],
      "grouping": "Availability Zones A,B,C",
      "annotations": []
    },
    {
      "component_name": "Security group (public)",
      "component_type": "security",
      "label": "Security group",
      "bounding_box": [
        130,
        140,
        320,
        480
      ],
      "shape_type": "box",
      "connections": [],
      "grouping": "Public subnet",
      "annotations": []
    },
    {
      "component_name": "Application Load Balancer",
      "component_type": "network",
      "label": "Application Load Balancer",
      "bounding_box": [
        170,
        220,
        260,
        270
      ],
      "shape_type": "box",
      "connections": [
        {
          "to_component_name": "Amazon ECS Service",
          "connection_type": "arrow",
          "start_point": [
            260,
            245
          ],
          "end_point": [
            370,
            245
          ]
        }
      ],
      "grouping": "Security group (public)",
      "annotations": [
        "Rules Based Routing"
      ]
    },
    {
      "component_name": "Private subnet",
      "component_type": "network",
      "label": "Private subnet",
      "bounding_box": [
        350,
        100,
        1000,
        500
      ],
      "shape_type": "box",
      "connections": [],
      "grouping": "Availability Zones A,B,C",
      "annotations": []
    },
    {
      "component_name": "Security group (private)",
      "component_type": "security",
      "label": "Security group",
      "bounding_box": [
        370,
        140,
        980,
        480
      ],
      "shape_type": "box",
      "connections": [],
      "grouping": "Private subnet",
      "annotations": []
    },
    {
      "component_name": "Amazon ECS Service",
      "component_type": "compute",
      "label": "Amazon ECS Service",
      "bounding_box": [
        370,
        220,
        470,
        270
      ],
      "shape_type": "box",
      "connections": [
        {
          "to_component_name": "Amazon ECS environment",
          "connection_type": "arrow",
          "start_point": [
            470,
            245
          ],
          "end_point": [
            540,
            245
          ]
        },
        {
          "to_component_name": "Amazon ECR",
          "connection_type": "arrow",
          "start_point": [
            420,
            270
          ],
          "end_point": [
            540,
            370
          ]
        }
      ],
      "grouping": "Security group (private)",
      "annotations": [
        "AWS Private link"
      ]
    },
    {
      "component_name": "Amazon ECS environment",
      "component_type": "compute",
      "label": "Amazon ECS environment",
      "bounding_box": [
        540,
        160,
        900,
        370
      ],
      "shape_type": "box",
      "connections": [
        {
          "to_component_name": "Amazon Auto Scaling Group",
          "connection_type": "arrow",
          "start_point": [
            700,
            370
          ],
          "end_point": [
            700,
            420
          ]
        },
        {
          "to_component_name": "Amazon RDS Postgres (Multi AZ)",
          "connection_type": "arrow",
          "start_point": [
            800,
            370
          ],
          "end_point": [
            800,
            420
          ]
        },
        {
          "to_component_name": "Custom Components",
          "connection_type": "arrow",
          "start_point": [
            880,
            370
          ],
          "end_point": [
            900,
            420
          ]
        },
        {
          "to_component_name": "Models/Services",
          "connection_type": "arrow",
          "start_point": [
            900,
            245
          ],
          "end_point": [
            1080,
            245
          ]
        }
      ],
      "grouping": "Security group (private)",
      "annotations": [
        "2 Stage Docker Build",
        "GATE Studio Multiple containers",
        "Frontend REACT/VITE",
        "Python Build",
        "API Integration"
      ]
    },
    {
      "component_name": "Amazon ECR",
      "component_type": "storage",
      "label": "Amazon ECR",
      "bounding_box": [
        540,
        370,
        620,
        420
      ],
      "shape_type": "icon",
      "connections": [],
      "grouping": "Security group (private)",
      "annotations": []
    },
    {
      "component_name": "Amazon Auto Scaling Group",
      "component_type": "compute",
      "label": "Amazon Auto Scaling Group",
      "bounding_box": [
        660,
        370,
        740,
        420
      ],
      "shape_type": "icon",
      "connections": [],
      "grouping": "Security group (private)",
      "annotations": []
    },
    {
      "component_name": "Amazon RDS Postgres (Multi AZ)",
      "component_type": "database",
      "label": "Amazon RDS Postgres (Multi AZ)",
      "bounding_box": [
        760,
        370,
        840,
        420
      ],
      "shape_type": "icon",
      "connections": [],
      "grouping": "Security group (private)",
      "annotations": []
    },
    {
      "component_name": "Custom Components",
      "component_type": "compute",
      "label": "Custom Components",
      "bounding_box": [
        860,
        370,
        940,
        420
      ],
      "shape_type": "icon",
      "connections": [],
      "grouping": "Security group (private)",
      "annotations": []
    },
    {
      "component_name": "Models/Services",
      "component_type": "external_service",
      "label": "Models / Services",
      "bounding_box": [
        1080,
        40,
        1130,
        540
      ],
      "shape_type": "box",
      "connections": [],
      "grouping": "",
      "annotations": [
        "Azure Open AI",
        "AWS Bedrock",
        "NVIDIA Services",
        "Anthropic",
        "Cohere",
        "Langchain",
        "Google",
        "Hugging face"
      ]
    }
  ],
  "side_boxes": [
    {
      "label": "Data Scientist",
      "bounding_box": [
        180,
        540,
        280,
        560
      ]
    },
    {
      "label": "Developer",
      "bounding_box": [
        480,
        540,
        580,
        560
      ]
    },
    {
      "label": "Business Analyst",
      "bounding_box": [
        800,
        540,
        900,
        560
      ]
    }
  ],
  "legend": "The diagram uses colored boxes to represent subnets, security groups, and AWS services. Icons are used for AWS services and external providers. Arrows indicate data flow and service integration. The rightmost vertical box lists external AI/ML model providers integrated with the application."
}