{
  "diagram_description": "AWS-based architecture for a multi-container ECS environment with public/private subnets, security groups, load balancer, ECR, RDS, custom components, and integration with external AI/ML model services.",
  "palette": [
    "#6a1b9a",
    "#e53935",
    "#009688",
    "#388e3c",
    "#ffffff",
    "#000000",
    "#fbc02d",
    "#1976d2",
    "#ff9800",
    "#f5f5f5",
    "#e0e0e0",
    "#f44336",
    "#2196f3",
    "#4caf50",
    "#ffeb3b",
    "#9e9e9e"
  ],
  "clusters": [
    {
      "cluster_name": "vpc_cluster",
      "label": "Virtual Private Cloud (VPC)",
      "bounding_box": [
        150,
        40,
        1050,
        670
      ],
      "fill_color": "#ffffff",
      "children": [
        "public_subnet_cluster",
        "private_subnet_cluster"
      ],
      "z_order": 0,
      "annotations": [],
      "parent_clusters": []
    },
    {
      "cluster_name": "public_subnet_cluster",
      "label": "Public subnet",
      "bounding_box": [
        180,
        110,
        370,
        540
      ],
      "fill_color": "#388e3c",
      "children": [
        "public_sg_cluster"
      ],
      "z_order": 1,
      "annotations": [],
      "parent_clusters": [
        "vpc_cluster"
      ]
    },
    {
      "cluster_name": "public_sg_cluster",
      "label": "Security group",
      "bounding_box": [
        200,
        170,
        340,
        500
      ],
      "fill_color": "#e53935",
      "children": [
        "alb_component"
      ],
      "z_order": 2,
      "annotations": [],
      "parent_clusters": [
        "vpc_cluster",
        "public_subnet_cluster"
      ]
    },
    {
      "cluster_name": "private_subnet_cluster",
      "label": "Private subnet",
      "bounding_box": [
        390,
        110,
        1020,
        540
      ],
      "fill_color": "#009688",
      "children": [
        "private_sg_cluster"
      ],
      "z_order": 1,
      "annotations": [],
      "parent_clusters": [
        "vpc_cluster"
      ]
    },
    {
      "cluster_name": "private_sg_cluster",
      "label": "Security group",
      "bounding_box": [
        420,
        170,
        990,
        500
      ],
      "fill_color": "#e53935",
      "children": [
        "ecs_service_component",
        "ecr_component",
        "asg_component",
        "rds_component",
        "custom_component",
        "ecs_env_cluster"
      ],
      "z_order": 2,
      "annotations": [],
      "parent_clusters": [
        "vpc_cluster",
        "private_subnet_cluster"
      ]
    },
    {
      "cluster_name": "ecs_env_cluster",
      "label": "Amazon ECS environment",
      "bounding_box": [
        520,
        200,
        950,
        400
      ],
      "fill_color": "#ffffff",
      "children": [
        "ecs_containers_component",
        "frontend_component",
        "python_build_component"
      ],
      "z_order": 3,
      "annotations": [],
      "parent_clusters": [
        "vpc_cluster",
        "private_subnet_cluster",
        "private_sg_cluster"
      ]
    }
  ],
  "components": [
    {
      "component_name": "users_component",
      "component_type": "role",
      "icon_type": "custom",
      "label": "users",
      "description": "End users accessing the application",
      "bounding_box": [
        10,
        250,
        70,
        320
      ],
      "shape_type": "icon",
      "detected_color": "#000000",
      "groupings": [],
      "annotations": [],
      "icon_size": "large",
      "icon_position": "center",
      "flexible_bbox": false,
      "parent_clusters": []
    },
    {
      "component_name": "waf_component",
      "component_type": "security",
      "icon_type": "aws_Arch_Security-Identity-Compliance_16_Arch_AWS-WAF_16",
      "label": "WAF",
      "description": "Web Application Firewall",
      "bounding_box": [
        80,
        270,
        120,
        310
      ],
      "shape_type": "icon",
      "detected_color": "#2196f3",
      "groupings": [],
      "annotations": [],
      "icon_size": "medium",
      "icon_position": "center",
      "flexible_bbox": false,
      "parent_clusters": []
    },
    {
      "component_name": "alb_component",
      "component_type": "networking",
      "icon_type": "aws_Arch_Networking-Content-Delivery_16_Arch_Elastic-Load-Balancing_16",
      "label": "Application Load Balancer\nRules Based Routing",
      "description": "Distributes incoming traffic to ECS service",
      "bounding_box": [
        230,
        250,
        310,
        320
      ],
      "shape_type": "rectangle",
      "detected_color": "#6a1b9a",
      "groupings": [
        "vpc_cluster",
        "public_subnet_cluster",
        "public_sg_cluster"
      ],
      "annotations": [],
      "icon_size": "large",
      "icon_position": "center",
      "flexible_bbox": false,
      "parent_clusters": [
        "vpc_cluster",
        "public_subnet_cluster",
        "public_sg_cluster"
      ]
    },
    {
      "component_name": "ecs_service_component",
      "component_type": "compute",
      "icon_type": "aws_Arch_Containers_16_Arch_Amazon-Elastic-Container-Service_16",
      "label": "Amazon ECS Service\nAWS Private link",
      "description": "ECS service managing containers",
      "bounding_box": [
        400,
        250,
        500,
        320
      ],
      "shape_type": "rectangle",
      "detected_color": "#6a1b9a",
      "groupings": [
        "vpc_cluster",
        "private_subnet_cluster",
        "private_sg_cluster"
      ],
      "annotations": [],
      "icon_size": "large",
      "icon_position": "center",
      "flexible_bbox": false,
      "parent_clusters": [
        "vpc_cluster",
        "private_subnet_cluster",
        "private_sg_cluster"
      ]
    },
    {
      "component_name": "ecr_component",
      "component_type": "storage",
      "icon_type": "aws_Arch_Containers_16_Arch_Amazon-Elastic-Container-Registry_16",
      "label": "Amazon ECR",
      "description": "Container image registry",
      "bounding_box": [
        540,
        420,
        620,
        490
      ],
      "shape_type": "icon",
      "detected_color": "#ff9800",
      "groupings": [
        "vpc_cluster",
        "private_subnet_cluster",
        "private_sg_cluster"
      ],
      "annotations": [],
      "icon_size": "large",
      "icon_position": "center",
      "flexible_bbox": false,
      "parent_clusters": [
        "vpc_cluster",
        "private_subnet_cluster",
        "private_sg_cluster"
      ]
    },
    {
      "component_name": "asg_component",
      "component_type": "compute",
      "icon_type": "aws_aws_Auto-Scaling-group_32",
      "label": "Amazon Auto Scaling Group",
      "description": "Auto scaling for ECS tasks",
      "bounding_box": [
        650,
        420,
        730,
        490
      ],
      "shape_type": "icon",
      "detected_color": "#fbc02d",
      "groupings": [
        "vpc_cluster",
        "private_subnet_cluster",
        "private_sg_cluster"
      ],
      "annotations": [],
      "icon_size": "large",
      "icon_position": "center",
      "flexible_bbox": false,
      "parent_clusters": [
        "vpc_cluster",
        "private_subnet_cluster",
        "private_sg_cluster"
      ]
    },
    {
      "component_name": "rds_component",
      "component_type": "database",
      "icon_type": "aws_Arch_Database_16_Arch_Amazon-RDS_16",
      "label": "Amazon RDS Postgres (Multi AZ)",
      "description": "Managed PostgreSQL database",
      "bounding_box": [
        760,
        420,
        840,
        490
      ],
      "shape_type": "icon",
      "detected_color": "#1976d2",
      "groupings": [
        "vpc_cluster",
        "private_subnet_cluster",
        "private_sg_cluster"
      ],
      "annotations": [],
      "icon_size": "large",
      "icon_position": "center",
      "flexible_bbox": false,
      "parent_clusters": [
        "vpc_cluster",
        "private_subnet_cluster",
        "private_sg_cluster"
      ]
    },
    {
      "component_name": "custom_component",
      "component_type": "custom",
      "icon_type": "custom",
      "label": "Custom Components",
      "description": "Custom application logic",
      "bounding_box": [
        870,
        420,
        950,
        490
      ],
      "shape_type": "icon",
      "detected_color": "#ff9800",
      "groupings": [
        "vpc_cluster",
        "private_subnet_cluster",
        "private_sg_cluster"
      ],
      "annotations": [],
      "icon_size": "large",
      "icon_position": "center",
      "flexible_bbox": false,
      "parent_clusters": [
        "vpc_cluster",
        "private_subnet_cluster",
        "private_sg_cluster"
      ]
    },
    {
      "component_name": "ecs_containers_component",
      "component_type": "compute",
      "icon_type": "custom",
      "label": "GATE Studio Multiple containers",
      "description": "Multiple containers running in ECS",
      "bounding_box": [
        600,
        240,
        800,
        370
      ],
      "shape_type": "rectangle",
      "detected_color": "#ffffff",
      "groupings": [
        "vpc_cluster",
        "private_subnet_cluster",
        "private_sg_cluster",
        "ecs_env_cluster"
      ],
      "annotations": [],
      "icon_size": "large",
      "icon_position": "center",
      "flexible_bbox": true,
      "parent_clusters": [
        "vpc_cluster",
        "private_subnet_cluster",
        "private_sg_cluster",
        "ecs_env_cluster"
      ]
    },
    {
      "component_name": "frontend_component",
      "component_type": "custom",
      "icon_type": "custom",
      "label": "Frontend REACT / VITE",
      "description": "Frontend container",
      "bounding_box": [
        820,
        260,
        900,
        320
      ],
      "shape_type": "rectangle",
      "detected_color": "#ffffff",
      "groupings": [
        "vpc_cluster",
        "private_subnet_cluster",
        "private_sg_cluster",
        "ecs_env_cluster"
      ],
      "annotations": [],
      "icon_size": "medium",
      "icon_position": "center",
      "flexible_bbox": true,
      "parent_clusters": [
        "vpc_cluster",
        "private_subnet_cluster",
        "private_sg_cluster",
        "ecs_env_cluster"
      ]
    },
    {
      "component_name": "python_build_component",
      "component_type": "custom",
      "icon_type": "custom",
      "label": "Python Build",
      "description": "Backend container for Python build",
      "bounding_box": [
        910,
        260,
        980,
        320
      ],
      "shape_type": "rectangle",
      "detected_color": "#ffffff",
      "groupings": [
        "vpc_cluster",
        "private_subnet_cluster",
        "private_sg_cluster",
        "ecs_env_cluster"
      ],
      "annotations": [],
      "icon_size": "medium",
      "icon_position": "center",
      "flexible_bbox": true,
      "parent_clusters": [
        "vpc_cluster",
        "private_subnet_cluster",
        "private_sg_cluster",
        "ecs_env_cluster"
      ]
    },
    {
      "component_name": "secret_manager_component",
      "component_type": "security",
      "icon_type": "aws_Arch_Security-Identity-Compliance_16_Arch_AWS-Secrets-Manager_16",
      "label": "Secret Manager",
      "description": "Stores secrets for the environment",
      "bounding_box": [
        400,
        40,
        540,
        80
      ],
      "shape_type": "rectangle",
      "detected_color": "#e53935",
      "groupings": [
        "vpc_cluster"
      ],
      "annotations": [],
      "icon_size": "medium",
      "icon_position": "center",
      "flexible_bbox": false,
      "parent_clusters": [
        "vpc_cluster"
      ]
    }
  ],
  "connections": [
    {
      "from": "users_component",
      "to": "waf_component",
      "connection_type": "line",
      "start_point": [
        70,
        285
      ],
      "end_point": [
        80,
        285
      ],
      "arrow_color": "#000000",
      "annotations": []
    },
    {
      "from": "waf_component",
      "to": "alb_component",
      "connection_type": "arrow",
      "start_point": [
        120,
        285
      ],
      "end_point": [
        230,
        285
      ],
      "arrow_color": "#000000",
      "annotations": []
    },
    {
      "from": "alb_component",
      "to": "ecs_service_component",
      "connection_type": "arrow",
      "start_point": [
        310,
        285
      ],
      "end_point": [
        400,
        285
      ],
      "arrow_color": "#000000",
      "annotations": []
    },
    {
      "from": "ecs_service_component",
      "to": "ecs_containers_component",
      "connection_type": "dashed",
      "start_point": [
        500,
        285
      ],
      "end_point": [
        600,
        285
      ],
      "arrow_color": "#000000",
      "annotations": []
    },
    {
      "from": "ecs_containers_component",
      "to": "frontend_component",
      "connection_type": "dashed",
      "start_point": [
        800,
        285
      ],
      "end_point": [
        820,
        285
      ],
      "arrow_color": "#000000",
      "annotations": []
    },
    {
      "from": "ecs_containers_component",
      "to": "python_build_component",
      "connection_type": "dashed",
      "start_point": [
        800,
        320
      ],
      "end_point": [
        910,
        290
      ],
      "arrow_color": "#000000",
      "annotations": []
    },
    {
      "from": "ecs_env_cluster",
      "to": "ecr_component",
      "connection_type": "arrow",
      "start_point": [
        600,
        400
      ],
      "end_point": [
        600,
        420
      ],
      "arrow_color": "#000000",
      "annotations": []
    },
    {
      "from": "ecs_env_cluster",
      "to": "asg_component",
      "connection_type": "arrow",
      "start_point": [
        700,
        400
      ],
      "end_point": [
        700,
        420
      ],
      "arrow_color": "#000000",
      "annotations": []
    },
    {
      "from": "ecs_env_cluster",
      "to": "rds_component",
      "connection_type": "arrow",
      "start_point": [
        800,
        400
      ],
      "end_point": [
        800,
        420
      ],
      "arrow_color": "#000000",
      "annotations": []
    },
    {
      "from": "ecs_env_cluster",
      "to": "custom_component",
      "connection_type": "arrow",
      "start_point": [
        900,
        400
      ],
      "end_point": [
        900,
        420
      ],
      "arrow_color": "#000000",
      "annotations": []
    },
    {
      "from": "ecs_env_cluster",
      "to": "models_services_sidebox",
      "connection_type": "arrow",
      "start_point": [
        950,
        300
      ],
      "end_point": [
        1080,
        300
      ],
      "arrow_color": "#000000",
      "annotations": []
    }
  ],
  "text_labels": [
    {
      "text": "Virtual Private Cloud (VPC)",
      "bounding_box": [
        180,
        50,
        370,
        80
      ],
      "attached_to": "vpc_cluster",
      "type": "cluster_label"
    },
    {
      "text": "Secret Manager",
      "bounding_box": [
        400,
        40,
        540,
        80
      ],
      "attached_to": "secret_manager_component",
      "type": "cluster_label"
    },
    {
      "text": "Availability Zones A,B,C",
      "bounding_box": [
        400,
        90,
        700,
        110
      ],
      "attached_to": "vpc_cluster",
      "type": "cluster_label"
    },
    {
      "text": "Public subnet",
      "bounding_box": [
        200,
        120,
        340,
        150
      ],
      "attached_to": "public_subnet_cluster",
      "type": "cluster_label"
    },
    {
      "text": "Private subnet",
      "bounding_box": [
        420,
        120,
        990,
        150
      ],
      "attached_to": "private_subnet_cluster",
      "type": "cluster_label"
    },
    {
      "text": "Security group",
      "bounding_box": [
        220,
        180,
        320,
        210
      ],
      "attached_to": "public_sg_cluster",
      "type": "cluster_label"
    },
    {
      "text": "Security group",
      "bounding_box": [
        440,
        180,
        540,
        210
      ],
      "attached_to": "private_sg_cluster",
      "type": "cluster_label"
    },
    {
      "text": "Application Load Balancer",
      "bounding_box": [
        230,
        250,
        310,
        270
      ],
      "attached_to": "alb_component",
      "type": "component_label"
    },
    {
      "text": "Rules Based Routing",
      "bounding_box": [
        230,
        270,
        310,
        290
      ],
      "attached_to": "alb_component",
      "type": "component_label"
    },
    {
      "text": "Amazon ECS Service",
      "bounding_box": [
        400,
        250,
        500,
        270
      ],
      "attached_to": "ecs_service_component",
      "type": "component_label"
    },
    {
      "text": "AWS Private link",
      "bounding_box": [
        400,
        270,
        500,
        290
      ],
      "attached_to": "ecs_service_component",
      "type": "component_label"
    },
    {
      "text": "Amazon ECS environment",
      "bounding_box": [
        540,
        200,
        900,
        230
      ],
      "attached_to": "ecs_env_cluster",
      "type": "cluster_label"
    },
    {
      "text": "2 Stage Docker Build",
      "bounding_box": [
        900,
        200,
        980,
        230
      ],
      "attached_to": "ecs_env_cluster",
      "type": "component_label"
    },
    {
      "text": "GATE Studio Multiple containers",
      "bounding_box": [
        600,
        240,
        800,
        270
      ],
      "attached_to": "ecs_containers_component",
      "type": "component_label"
    },
    {
      "text": "Frontend REACT / VITE",
      "bounding_box": [
        820,
        260,
        900,
        290
      ],
      "attached_to": "frontend_component",
      "type": "component_label"
    },
    {
      "text": "Python Build",
      "bounding_box": [
        910,
        260,
        980,
        290
      ],
      "attached_to": "python_build_component",
      "type": "component_label"
    },
    {
      "text": "API Integration",
      "bounding_box": [
        870,
        320,
        950,
        340
      ],
      "attached_to": "ecs_env_cluster",
      "type": "component_label"
    },
    {
      "text": "Amazon ECR",
      "bounding_box": [
        540,
        420,
        620,
        440
      ],
      "attached_to": "ecr_component",
      "type": "component_label"
    },
    {
      "text": "Amazon Auto Scaling Group",
      "bounding_box": [
        650,
        420,
        730,
        440
      ],
      "attached_to": "asg_component",
      "type": "component_label"
    },
    {
      "text": "Amazon RDS Postgres (Multi AZ)",
      "bounding_box": [
        760,
        420,
        840,
        440
      ],
      "attached_to": "rds_component",
      "type": "component_label"
    },
    {
      "text": "Custom Components",
      "bounding_box": [
        870,
        420,
        950,
        440
      ],
      "attached_to": "custom_component",
      "type": "component_label"
    },
    {
      "text": "Data Scientist",
      "bounding_box": [
        180,
        560,
        300,
        580
      ],
      "attached_to": "global",
      "type": "role_label"
    },
    {
      "text": "Developer",
      "bounding_box": [
        400,
        560,
        600,
        580
      ],
      "attached_to": "global",
      "type": "role_label"
    },
    {
      "text": "Business Analyst",
      "bounding_box": [
        800,
        560,
        1000,
        580
      ],
      "attached_to": "global",
      "type": "role_label"
    },
    {
      "text": "Faster Prototyping",
      "bounding_box": [
        500,
        600,
        700,
        630
      ],
      "attached_to": "global",
      "type": "footer_note"
    }
  ],
  "side_boxes": [
    {
      "sidebox_name": "models_services_sidebox",
      "bounding_box": [
        1080,
        10,
        1300,
        670
      ],
      "fill_color": "#f5f5f5",
      "text": "Models / Services\nAzure Open AI\nAWS Bedrock\nNVIDIA Services\nAnthropic\nCohere\nLangchain\nGoogle\nHugging face"
    }
  ],
  "legend": "",
  "footer_notes": [
    "Faster Prototyping"
  ]
}